{
  "sample_complexity": {
    "target_matrix_shape": [
      5,
      5
    ],
    "target_matrix_stats": {
      "mean": -0.7044901106537479,
      "std": 1.3485933506211287,
      "min": -3.8058946429590224,
      "max": 0.74279327164313
    },
    "true_factors_shapes": [
      [
        5,
        2
      ],
      [
        2,
        5
      ]
    ],
    "optimistic_bound": 2322,
    "init_scales": [
      0.0001,
      0.001,
      0.01,
      0.1
    ],
    "sample_sizes": [
      5,
      7,
      9,
      11,
      13,
      15,
      17,
      19,
      21,
      23,
      25
    ],
    "complexity_curves": {
      "0.0001": [
        0.9085705749009257,
        0.7715428425664722,
        0.7133033438776065,
        0.5053681148544525,
        0.4251077139281727,
        0.24259349143081996,
        0.20640916283482338,
        0.18134979394675083,
        0.1368526288131605,
        0.11863222935546,
        0.11382596891614212
      ],
      "0.001": [
        0.8704631131435703,
        0.6608363358130885,
        0.6154712856089614,
        0.4699988227955977,
        0.38446178056365365,
        0.30974001853280286,
        0.25499328649734687,
        0.1939088081926807,
        0.15366168964368138,
        0.1193784363664385,
        0.11376895155362157
      ],
      "0.01": [
        0.8911784943890216,
        0.6656387869306271,
        0.7088694400000659,
        0.49202288377374714,
        0.35561190464338166,
        0.39453806686798787,
        0.1866539993449184,
        0.1528822374046668,
        0.15913399382096938,
        0.12076286937259653,
        0.10563681691866562
      ],
      "0.1": [
        0.8763970095700966,
        0.9390930055852651,
        0.5740699444889883,
        0.5568919070600928,
        0.3493730769474512,
        0.4028296632391129,
        0.172261537309473,
        0.12967443975010895,
        0.08227766149855567,
        0.06360624105326382,
        0.062400989429904144
      ]
    },
    "success_rates": {
      "0.0001": [
        0.6,
        0.0,
        0.0,
        0.0,
        0.0,
        0.0,
        0.0,
        0.0,
        0.0,
        0.0,
        0.0
      ],
      "0.001": [
        0.3,
        0.1,
        0.0,
        0.0,
        0.0,
        0.0,
        0.0,
        0.0,
        0.0,
        0.0,
        0.0
      ],
      "0.01": [
        0.3,
        0.0,
        0.0,
        0.0,
        0.0,
        0.0,
        0.0,
        0.0,
        0.0,
        0.0,
        0.0
      ],
      "0.1": [
        0.7,
        0.2,
        0.0,
        0.0,
        0.0,
        0.0,
        0.0,
        0.0,
        0.0,
        0.0,
        0.0
      ]
    },
    "convergence_stats": {
      "0.0001": [
        4192.4,
        5000.0,
        5000.0,
        5000.0,
        5000.0,
        5000.0,
        5000.0,
        5000.0,
        5000.0,
        5000.0,
        5000.0
      ],
      "0.001": [
        4870.3,
        4793.9,
        5000.0,
        5000.0,
        5000.0,
        5000.0,
        5000.0,
        5000.0,
        5000.0,
        5000.0,
        5000.0
      ],
      "0.01": [
        4422.1,
        5000.0,
        5000.0,
        5000.0,
        5000.0,
        5000.0,
        5000.0,
        5000.0,
        5000.0,
        5000.0,
        5000.0
      ],
      "0.1": [
        3355.5,
        4795.9,
        5000.0,
        5000.0,
        5000.0,
        5000.0,
        5000.0,
        5000.0,
        5000.0,
        5000.0,
        5000.0
      ]
    }
  },
  "convergence_analysis": {},
  "initialization_effects": {
    "optimal_init_scale": 0.1,
    "sample_efficiency": {
      "0.0001": null,
      "0.001": null,
      "0.01": null,
      "0.1": 21
    },
    "initialization_comparison": {},
    "optimistic_achievement": {
      "0.0001": false,
      "0.001": false,
      "0.01": false,
      "0.1": true
    }
  },
  "optimistic_bounds": {}
}