{
  "epochs": [
    0,
    1,
    2,
    3,
    4,
    5,
    6,
    7,
    8,
    9,
    10,
    11,
    12,
    13,
    14,
    15,
    16,
    17,
    18,
    19,
    20,
    21,
    22,
    23,
    24,
    25,
    26,
    27,
    28,
    29,
    30,
    31,
    32,
    33,
    34,
    35,
    36,
    37,
    38,
    39,
    40,
    41,
    42,
    43,
    44,
    45,
    46,
    47,
    48,
    49,
    50,
    51,
    52,
    53,
    54,
    55,
    56,
    57,
    58,
    59,
    60,
    61,
    62,
    63,
    64,
    65,
    66,
    67,
    68,
    69,
    70,
    71,
    72,
    73,
    74,
    75,
    76,
    77,
    78,
    79,
    80,
    81,
    82,
    83,
    84,
    85,
    86,
    87,
    88,
    89,
    90,
    91,
    92,
    93,
    94,
    95,
    96,
    97,
    98,
    99,
    100,
    101,
    102,
    103,
    104,
    105,
    106,
    107,
    108,
    109,
    110,
    111,
    112,
    113,
    114,
    115,
    116,
    117,
    118,
    119,
    120,
    121,
    122,
    123,
    124,
    125,
    126,
    127,
    128,
    129,
    130,
    131,
    132,
    133,
    134,
    135,
    136,
    137,
    138,
    139,
    140,
    141,
    142,
    143,
    144,
    145,
    146,
    147,
    148,
    149,
    150,
    151,
    152,
    153,
    154,
    155,
    156,
    157,
    158,
    159,
    160,
    161,
    162,
    163,
    164,
    165,
    166,
    167,
    168,
    169,
    170,
    171,
    172,
    173,
    174,
    175,
    176,
    177,
    178,
    179,
    180,
    181,
    182,
    183,
    184,
    185,
    186,
    187,
    188,
    189,
    190,
    191,
    192,
    193,
    194,
    195,
    196,
    197,
    198,
    199
  ],
  "train_losses": [
    12.805659294128418,
    12.296252250671387,
    12.324919700622559,
    11.827863693237305,
    11.67278003692627,
    11.397379875183105,
    11.79225468635559,
    11.292120933532715,
    10.549781322479248,
    10.167161464691162,
    10.061584949493408,
    9.865119934082031,
    8.934571266174316,
    8.478052854537964,
    8.288733839988708,
    7.544266700744629,
    6.9784040451049805,
    6.108909368515015,
    5.369184255599976,
    4.681844592094421,
    4.172879338264465,
    3.5387569963932037,
    3.0058684051036835,
    2.4680633544921875,
    2.1023411750793457,
    1.9173757433891296,
    1.828760802745819,
    1.7343196272850037,
    1.7330889701843262,
    1.7773223519325256,
    1.7801110744476318,
    1.7567365169525146,
    1.7090627551078796,
    1.6982656717300415,
    1.5712501406669617,
    1.5241103768348694,
    1.4939583539962769,
    1.4620882868766785,
    1.4661140441894531,
    1.4438270926475525,
    1.3798839449882507,
    1.3765416741371155,
    1.3507018387317657,
    1.3672996759414673,
    1.3014978766441345,
    1.3273565769195557,
    1.2818858623504639,
    1.3038859367370605,
    1.24918732047081,
    1.2384713292121887,
    1.2177345752716064,
    1.2012884318828583,
    1.2013756036758423,
    1.1857876777648926,
    1.1538531184196472,
    1.117595225572586,
    1.134667545557022,
    1.124111533164978,
    1.0753596127033234,
    1.124142587184906,
    1.0713915526866913,
    1.0735188722610474,
    1.0604059100151062,
    1.0381977260112762,
    1.0139478743076324,
    1.0665777772665024,
    0.9919215142726898,
    0.9619613587856293,
    0.9633554220199585,
    0.9668377041816711,
    0.9593949019908905,
    0.9172671139240265,
    0.8885087221860886,
    0.9026266038417816,
    0.8759939074516296,
    0.8913092017173767,
    0.8646030128002167,
    0.8793521821498871,
    0.8517825603485107,
    0.8363887667655945,
    0.8464228957891464,
    0.8212163746356964,
    0.8222885429859161,
    0.7766768038272858,
    0.7621676027774811,
    0.7396486103534698,
    0.7248173654079437,
    0.751312717795372,
    0.7402342259883881,
    0.7127663344144821,
    0.6990423798561096,
    0.6419959217309952,
    0.6823390424251556,
    0.6591980159282684,
    0.6210741102695465,
    0.6323086023330688,
    0.6001541018486023,
    0.6118977814912796,
    0.6060122549533844,
    0.5703897029161453,
    0.5617934763431549,
    0.5450873225927353,
    0.5370585769414902,
    0.5220948606729507,
    0.49980226904153824,
    0.5061059147119522,
    0.4857599139213562,
    0.4747173637151718,
    0.4911785274744034,
    0.4826372340321541,
    0.4448830187320709,
    0.43326304107904434,
    0.43610402941703796,
    0.4167109429836273,
    0.4125731587409973,
    0.3987179845571518,
    0.41441860795021057,
    0.3768020123243332,
    0.37339869141578674,
    0.3703705370426178,
    0.3609360456466675,
    0.34214843064546585,
    0.3429122418165207,
    0.324989415705204,
    0.3185245916247368,
    0.3255046159029007,
    0.31547513604164124,
    0.30547424405813217,
    0.29619260132312775,
    0.27568719536066055,
    0.28943268954753876,
    0.2649904265999794,
    0.25713181495666504,
    0.26930423080921173,
    0.24974829703569412,
    0.23943381756544113,
    0.23181207850575447,
    0.22758068144321442,
    0.2300635501742363,
    0.2196297124028206,
    0.21160634607076645,
    0.20669644698500633,
    0.2026759684085846,
    0.20328522473573685,
    0.19687873870134354,
    0.19614440575242043,
    0.18212997168302536,
    0.1803262159228325,
    0.1762896552681923,
    0.17181920260190964,
    0.17575465142726898,
    0.16400175541639328,
    0.1637544259428978,
    0.15496569126844406,
    0.15515002980828285,
    0.14700212329626083,
    0.14056191965937614,
    0.1478056889027357,
    0.14292115718126297,
    0.13516945764422417,
    0.1327950656414032,
    0.12466734275221825,
    0.1278759017586708,
    0.11827073618769646,
    0.11687645688652992,
    0.11599031835794449,
    0.10852653905749321,
    0.11319011822342873,
    0.10922091081738472,
    0.10507560893893242,
    0.09882519021630287,
    0.09727025032043457,
    0.09533707424998283,
    0.09412648342549801,
    0.09054309129714966,
    0.0843957606703043,
    0.08248225785791874,
    0.07760140020400286,
    0.0796118713915348,
    0.07911692000925541,
    0.07120043877512217,
    0.0721173845231533,
    0.07056325674057007,
    0.06934165768325329,
    0.06479504704475403,
    0.06272805109620094,
    0.059217099100351334,
    0.05655190907418728,
    0.054724497720599174,
    0.05316829960793257,
    0.05324479937553406,
    0.04962257016450167,
    0.04854265972971916,
    0.04977551009505987,
    0.04832849372178316,
    0.04594980180263519,
    0.04290558863431215,
    0.042477572336792946,
    0.04088096506893635,
    0.04119078628718853
  ],
  "val_losses": [],