{
  "epochs": [
    0,
    1,
    2,
    3,
    4,
    5,
    6,
    7,
    8,
    9,
    10,
    11,
    12,
    13,
    14,
    15,
    16,
    17,
    18,
    19,
    20,
    21,
    22,
    23,
    24,
    25,
    26,
    27,
    28,
    29,
    30,
    31,
    32,
    33,
    34,
    35,
    36,
    37,
    38,
    39,
    40,
    41,
    42,
    43,
    44,
    45,
    46,
    47,
    48,
    49,
    50,
    51,
    52,
    53,
    54,
    55,
    56,
    57,
    58,
    59,
    60,
    61,
    62,
    63,
    64,
    65,
    66,
    67,
    68,
    69,
    70,
    71,
    72,
    73,
    74,
    75,
    76,
    77,
    78,
    79,
    80,
    81,
    82,
    83,
    84,
    85,
    86,
    87,
    88,
    89,
    90,
    91,
    92,
    93,
    94,
    95,
    96,
    97,
    98,
    99,
    100,
    101,
    102,
    103,
    104,
    105,
    106,
    107,
    108,
    109,
    110,
    111,
    112,
    113,
    114,
    115,
    116,
    117,
    118,
    119,
    120,
    121,
    122,
    123,
    124,
    125,
    126,
    127,
    128,
    129,
    130,
    131,
    132,
    133,
    134,
    135,
    136,
    137,
    138,
    139,
    140,
    141,
    142,
    143,
    144,
    145,
    146,
    147,
    148,
    149,
    150,
    151,
    152,
    153,
    154,
    155,
    156,
    157,
    158,
    159,
    160,
    161,
    162,
    163,
    164,
    165,
    166,
    167,
    168,
    169,
    170,
    171,
    172,
    173,
    174,
    175,
    176,
    177,
    178,
    179,
    180,
    181,
    182,
    183,
    184,
    185,
    186,
    187,
    188,
    189,
    190,
    191,
    192,
    193,
    194,
    195,
    196,
    197,
    198,
    199
  ],
  "train_losses": [
    12.88494873046875,
    12.455502986907959,
    12.720938205718994,
    12.364711284637451,
    12.596263408660889,
    12.403406620025635,
    12.198358058929443,
    12.151237487792969,
    12.448731660842896,
    12.27724027633667,
    11.620301246643066,
    11.375256538391113,
    11.607415914535522,
    11.375537872314453,
    10.999608516693115,
    10.201926469802856,
    10.052276611328125,
    9.597758769989014,
    9.084305047988892,
    8.770264863967896,
    7.981067895889282,
    7.551484823226929,
    6.706406831741333,
    6.068572998046875,
    5.18021821975708,
    4.598271012306213,
    3.7222424745559692,
    3.1168692111968994,
    2.722412496805191,
    2.310414671897888,
    2.1322720050811768,
    2.0572367310523987,
    2.0826746821403503,
    2.1051029562950134,
    2.1120104789733887,
    1.9913198351860046,
    1.9246564507484436,
    1.8189285397529602,
    1.705771803855896,
    1.6352089643478394,
    1.6347987055778503,
    1.5927816033363342,
    1.6045611500740051,
    1.6161118149757385,
    1.5943776965141296,
    1.5994353592395782,
    1.5045291781425476,
    1.5326382517814636,
    1.4758244156837463,
    1.4567085802555084,
    1.382748305797577,
    1.3598341941833496,
    1.3480553030967712,
    1.37221759557724,
    1.3887934386730194,
    1.3031556010246277,
    1.3035788536071777,
    1.2362583577632904,
    1.2282354831695557,
    1.2057695388793945,
    1.2701284289360046,
    1.1675479114055634,
    1.153566837310791,
    1.195916622877121,
    1.1911872327327728,
    1.1511314511299133,
    1.1310831904411316,
    1.1335397064685822,
    1.0661381483078003,
    1.031849056482315,
    1.0829524099826813,
    1.0211054384708405,
    1.0176371335983276,
    1.0040374994277954,
    1.0189056992530823,
    0.9914732873439789,
    0.9735698699951172,
    0.9131153672933578,
    0.9147484600543976,
    0.9201751053333282,
    0.8750298917293549,
    0.882350891828537,
    0.8747009932994843,
    0.8794020712375641,
    0.8373539447784424,
    0.8191224634647369,
    0.8106772601604462,
    0.8034479022026062,
    0.7696622908115387,
    0.7743025124073029,
    0.7625714540481567,
    0.7226646989583969,
    0.7385870218276978,
    0.7376574575901031,
    0.7179004549980164,
    0.6911956071853638,
    0.6913390755653381,
    0.675431102514267,
    0.667009249329567,
    0.6232829838991165,
    0.6304067373275757,
    0.607756033539772,
    0.5945691168308258,
    0.5996948033571243,
    0.5597122684121132,
    0.5975576341152191,
    0.5443991869688034,
    0.5518559217453003,
    0.5303376466035843,
    0.5205333977937698,
    0.5198797583580017,
    0.5010972023010254,
    0.48732350766658783,
    0.4977463185787201,
    0.45526231080293655,
    0.44574257731437683,
    0.4346533566713333,
    0.42340321838855743,
    0.4355676770210266,
    0.4324876666069031,
    0.40552636981010437,
    0.3844910189509392,
    0.4001462981104851,
    0.37677930295467377,
    0.37082700431346893,
    0.3621295988559723,
    0.35083480179309845,
    0.32805991545319557,
    0.3437866047024727,
    0.3118361160159111,
    0.31030113995075226,
    0.31286971271038055,
    0.28888723999261856,
    0.2902677357196808,
    0.2764124721288681,
    0.2696313112974167,
    0.2762650325894356,
    0.2640387713909149,
    0.2458871379494667,
    0.24091974645853043,
    0.24417580664157867,
    0.2327195331454277,
    0.23448625206947327,
    0.2245258167386055,
    0.20832690969109535,
    0.20649907737970352,
    0.1936651635915041,
    0.19984672963619232,
    0.18890585377812386,
    0.18205948919057846,
    0.17840779945254326,
    0.18102889508008957,
    0.16886521503329277,
    0.164470836520195,
    0.16343150287866592,
    0.15836109966039658,
    0.15511102974414825,
    0.14670822396874428,
    0.14475347474217415,
    0.1377912163734436,
    0.13709492608904839,
    0.13296141475439072,
    0.12722547724843025,
    0.12470076978206635,
    0.13022319972515106,
    0.1229192391037941,
    0.11883058771491051,
    0.1190799456089735,
    0.1114545464515686,
    0.10301615484058857,
    0.099461505189538,
    0.10110241547226906,
    0.10098298080265522,
    0.0970945805311203,
    0.0906960740685463,
    0.08450409444049001,
    0.08453073538839817,
    0.08117363043129444,
    0.08360268920660019,
    0.07924960926175117,
    0.07733353786170483,
    0.07433050498366356,
    0.07311922498047352,
    0.0694467555731535,
    0.06815148517489433,
    0.06671041529625654,
    0.061408139765262604,
    0.06141739338636398,
    0.059071000665426254,
    0.056485190987586975,
    0.052858900278806686,
    0.05267805978655815,
    0.052335700020194054,
    0.04754986613988876,
    0.049506865441799164,
    0.04483236186206341,
    0.04326575994491577,
    0.04297489393502474,
    0.04265729058533907,
    0.04136065673083067
  ],
  "val_losses": [],