{
  "epochs": [
    0,
    1,
    2,
    3,
    4,
    5,
    6,
    7,
    8,
    9,
    10,
    11,
    12,
    13,
    14,
    15,
    16,
    17,
    18,
    19,
    20,
    21,
    22,
    23,
    24,
    25,
    26,
    27,
    28,
    29,
    30,
    31,
    32,
    33,
    34,
    35,
    36,
    37,
    38,
    39,
    40,
    41,
    42,
    43,
    44,
    45,
    46,
    47,
    48,
    49,
    50,
    51,
    52,
    53,
    54,
    55,
    56,
    57,
    58,
    59,
    60,
    61,
    62,
    63,
    64,
    65,
    66,
    67,
    68,
    69,
    70,
    71,
    72,
    73,
    74,
    75,
    76,
    77,
    78,
    79,
    80,
    81,
    82,
    83,
    84,
    85,
    86,
    87,
    88,
    89,
    90,
    91,
    92,
    93,
    94,
    95,
    96,
    97,
    98,
    99,
    100,
    101,
    102,
    103,
    104,
    105,
    106,
    107,
    108,
    109,
    110,
    111,
    112,
    113,
    114,
    115,
    116,
    117,
    118,
    119,
    120,
    121,
    122,
    123,
    124,
    125,
    126,
    127,
    128,
    129,
    130,
    131,
    132,
    133,
    134,
    135,
    136,
    137,
    138,
    139,
    140,
    141,
    142,
    143,
    144,
    145,
    146,
    147,
    148,
    149,
    150,
    151,
    152,
    153,
    154,
    155,
    156,
    157,
    158,
    159,
    160,
    161,
    162,
    163,
    164,
    165,
    166,
    167,
    168,
    169,
    170,
    171,
    172,
    173,
    174,
    175,
    176,
    177,
    178,
    179,
    180,
    181,
    182,
    183,
    184,
    185,
    186,
    187,
    188,
    189,
    190,
    191,
    192,
    193,
    194,
    195,
    196,
    197,
    198,
    199
  ],
  "train_losses": [
    12.77562665939331,
    12.345333576202393,
    12.205902576446533,
    12.196181774139404,
    12.449788093566895,
    12.225414276123047,
    11.833690643310547,
    12.073264122009277,
    11.83256983757019,
    11.019454002380371,
    10.925082206726074,
    10.49178171157837,
    10.560272216796875,
    9.85737133026123,
    9.694606304168701,
    9.122291564941406,
    8.177712440490723,
    7.60854172706604,
    7.124844431877136,
    6.1276044845581055,
    5.2652692794799805,
    4.286226153373718,
    3.51922470331192,
    2.821547120809555,
    2.244479179382324,
    1.8458284139633179,
    1.6558632850646973,
    1.778447449207306,
    1.804493486881256,
    1.9572645425796509,
    1.9772706031799316,
    1.9111213684082031,
    1.787350833415985,
    1.695119708776474,
    1.5404106974601746,
    1.4470300674438477,
    1.4729658961296082,
    1.4569225311279297,
    1.4976425766944885,
    1.4500790238380432,
    1.443621277809143,
    1.4379263818264008,
    1.3893315196037292,
    1.329181283712387,
    1.2973728477954865,
    1.3411402702331543,
    1.3396006524562836,
    1.3091391324996948,
    1.2804037034511566,
    1.240511178970337,
    1.2636833488941193,
    1.2023100852966309,
    1.1893944144248962,
    1.1429719924926758,
    1.1871837079524994,
    1.1204817295074463,
    1.08317930996418,
    1.1489122211933136,
    1.1003935933113098,
    1.0664542615413666,
    1.0583042204380035,
    1.0205389857292175,
    1.0508880913257599,
    1.0165323913097382,
    1.0176288783550262,
    0.9734673202037811,
    1.0065617561340332,
    0.9601482152938843,
    0.9737914502620697,
    0.9615461975336075,
    0.9391017556190491,
    0.883221223950386,
    0.9025068879127502,
    0.8709370791912079,
    0.8953607231378555,
    0.8272038698196411,
    0.8091475367546082,
    0.8124016225337982,
    0.7843778431415558,
    0.7929897308349609,
    0.7739420533180237,
    0.7650972902774811,
    0.7408375144004822,
    0.7470394372940063,
    0.7029232680797577,
    0.7110292613506317,
    0.6801455467939377,
    0.6609252765774727,
    0.6945386528968811,
    0.6828968822956085,
    0.6419629156589508,
    0.6473020613193512,
    0.610672190785408,
    0.5922401994466782,
    0.5792630016803741,
    0.5757651925086975,
    0.5769650042057037,
    0.5604571998119354,
    0.536695122718811,
    0.5262896567583084,
    0.5117650032043457,
    0.5251439064741135,
    0.4853871315717697,
    0.485880583524704,
    0.46805350482463837,
    0.4563435912132263,
    0.44001834839582443,
    0.4346783608198166,
    0.42364469170570374,
    0.4103533402085304,
    0.4089251756668091,
    0.41634292900562286,
    0.3861909359693527,
    0.3892611116170883,
    0.36179670691490173,
    0.3670023903250694,
    0.3548571914434433,
    0.3301791474223137,
    0.3330499902367592,
    0.32080401480197906,
    0.3043002188205719,
    0.29273150861263275,
    0.28545360267162323,
    0.29200246185064316,
    0.2652334198355675,
    0.2545424960553646,
    0.2608450874686241,
    0.24671269208192825,
    0.24959805980324745,
    0.22665881365537643,
    0.2171255610883236,
    0.21496135741472244,
    0.20822522044181824,
    0.21504494920372963,
    0.19807972759008408,
    0.1896127089858055,
    0.1822100542485714,
    0.18029027432203293,
    0.17497969418764114,
    0.17936165258288383,
    0.1723177693784237,
    0.1688191406428814,
    0.1539793759584427,
    0.15068885684013367,
    0.147050142288208,
    0.13829504698514938,
    0.14005805552005768,
    0.13434313982725143,
    0.1349530965089798,
    0.12318223342299461,
    0.1201438196003437,
    0.11533540673553944,
    0.11860902234911919,
    0.1142780352383852,
    0.10869325324892998,
    0.10324126482009888,
    0.09786197915673256,
    0.09325270727276802,
    0.09060688503086567,
    0.09054827317595482,
    0.08447946235537529,
    0.08445661514997482,
    0.08366798050701618,
    0.07794586010277271,
    0.07840870134532452,
    0.07258904539048672,
    0.07101057283580303,
    0.0694673452526331,
    0.06639750115573406,
    0.066271947696805,
    0.05843032896518707,
    0.05725731514394283,
    0.05829311162233353,
    0.05285307113081217,
    0.052478302270174026,
    0.0489096287637949,
    0.04711492918431759,
    0.044964020140469074,
    0.04697422217577696,
    0.043528515845537186,
    0.040660321712493896,
    0.03877448197454214,
    0.037742553278803825,
    0.03768236003816128,
    0.034661139361560345,
    0.03514351509511471,
    0.035056899301707745,
    0.030979649163782597,
    0.030507254414260387,
    0.03151399828493595,
    0.030163075774908066,
    0.02886660397052765,
    0.0264990096911788,
    0.027051241137087345,
    0.02550412528216839,
    0.023761557415127754,
    0.02240105625241995,
    0.021510412450879812,
    0.021368715446442366,
    0.021510625258088112
  ],
  "val_losses": [],