{
  "epochs": [
    0,
    1,
    2,
    3,
    4,
    5,
    6,
    7,
    8,
    9,
    10,
    11,
    12,
    13,
    14,
    15,
    16,
    17,
    18,
    19,
    20,
    21,
    22,
    23,
    24,
    25,
    26,
    27,
    28,
    29,
    30,
    31,
    32,
    33,
    34,
    35,
    36,
    37,
    38,
    39,
    40,
    41,
    42,
    43,
    44,
    45,
    46,
    47,
    48,
    49,
    50,
    51,
    52,
    53,
    54,
    55,
    56,
    57,
    58,
    59,
    60,
    61,
    62,
    63,
    64,
    65,
    66,
    67,
    68,
    69,
    70,
    71,
    72,
    73,
    74,
    75,
    76,
    77,
    78,
    79,
    80,
    81,
    82,
    83,
    84,
    85,
    86,
    87,
    88,
    89,
    90,
    91,
    92,
    93,
    94,
    95,
    96,
    97,
    98,
    99,
    100,
    101,
    102,
    103,
    104,
    105,
    106,
    107,
    108,
    109,
    110,
    111,
    112,
    113,
    114,
    115,
    116,
    117,
    118,
    119,
    120,
    121,
    122,
    123,
    124,
    125,
    126,
    127,
    128,
    129,
    130,
    131,
    132,
    133,
    134,
    135,
    136,
    137,
    138,
    139,
    140,
    141,
    142,
    143,
    144,
    145,
    146,
    147,
    148,
    149,
    150,
    151,
    152,
    153,
    154,
    155,
    156,
    157,
    158,
    159,
    160,
    161,
    162,
    163,
    164,
    165,
    166,
    167,
    168,
    169,
    170,
    171,
    172,
    173,
    174,
    175,
    176,
    177,
    178,
    179,
    180,
    181,
    182,
    183,
    184,
    185,
    186,
    187,
    188,
    189,
    190,
    191,
    192,
    193,
    194,
    195,
    196,
    197,
    198,
    199
  ],
  "train_losses": [
    12.437103271484375,
    12.351727485656738,
    12.337360858917236,
    12.129724025726318,
    12.071937561035156,
    11.825465679168701,
    12.016882419586182,
    11.84814190864563,
    11.128340721130371,
    10.804394721984863,
    10.390858173370361,
    9.639864444732666,
    8.945851802825928,
    7.958539724349976,
    6.582839012145996,
    5.404469609260559,
    4.01737642288208,
    2.8128901720046997,
    2.00089830160141,
    1.7869809865951538,
    2.0249332189559937,
    2.3871617317199707,
    2.4095293283462524,
    2.0164619088172913,
    1.609597623348236,
    1.5264517664909363,
    1.4420589208602905,
    1.5917167663574219,
    1.5274799466133118,
    1.5739608407020569,
    1.487044334411621,
    1.4250406920909882,
    1.3429168462753296,
    1.3143820762634277,
    1.25877845287323,
    1.2685548663139343,
    1.2559449672698975,
    1.1938535273075104,
    1.2127663493156433,
    1.1910706758499146,
    1.207579255104065,
    1.1172083616256714,
    1.1658390760421753,
    1.1037477850914001,
    1.084610104560852,
    1.0678772926330566,
    1.0413060188293457,
    1.0284255146980286,
    0.9986084997653961,
    0.9870507717132568,
    0.956323891878128,
    0.9777107536792755,
    0.924089789390564,
    0.9075343310832977,
    0.8777209222316742,
    0.9188021421432495,
    0.8309464603662491,
    0.8643568754196167,
    0.8235559165477753,
    0.8052926063537598,
    0.7929186522960663,
    0.7854745388031006,
    0.7907236516475677,
    0.72337406873703,
    0.7141747772693634,
    0.7223286628723145,
    0.6786816418170929,
    0.6655575037002563,
    0.6703293323516846,
    0.6405929923057556,
    0.6289604306221008,
    0.632780134677887,
    0.5932177305221558,
    0.5625836402177811,
    0.5575119853019714,
    0.5324265360832214,
    0.509904071688652,
    0.5008856356143951,
    0.5068719387054443,
    0.4839276373386383,
    0.4648078382015228,
    0.437048077583313,
    0.43294818699359894,
    0.41614021360874176,
    0.4050949513912201,
    0.3767656534910202,
    0.36742107570171356,
    0.34902239590883255,
    0.34627093374729156,
    0.3320324495434761,
    0.2998369112610817,
    0.2994801476597786,
    0.28415051847696304,
    0.2736511453986168,
    0.24825166165828705,
    0.23603179305791855,
    0.23363925516605377,
    0.21995700150728226,
    0.20678747445344925,
    0.18790612742304802,
    0.18496491760015488,
    0.17789265513420105,
    0.16545390337705612,
    0.15169571340084076,
    0.1432478427886963,
    0.13706182688474655,
    0.12694331631064415,
    0.11780925653874874,
    0.12019465118646622,
    0.10516337305307388,
    0.1001721303910017,
    0.09177807718515396,
    0.08769285678863525,
    0.08045206591486931,
    0.07819993793964386,
    0.07539717853069305,
    0.06953886523842812,
    0.06083529442548752,
    0.05972393415868282,
    0.05221720226109028,
    0.046619667671620846,
    0.04532584734261036,
    0.043650995939970016,
    0.03929829131811857,
    0.03639783710241318,
    0.03299262374639511,
    0.030832437332719564,
    0.028318162076175213,
    0.026044956874102354,
    0.024731247685849667,
    0.02316765207797289,
    0.020931251347064972,
    0.01973944902420044,
    0.017142817843705416,
    0.017461677081882954,
    0.016676275059580803,
    0.014058362692594528,
    0.013081203680485487,
    0.013258278369903564,
    0.011918380274437368,
    0.012405365239828825,
    0.011158961802721024,
    0.010592593811452389,
    0.010694247670471668,
    0.009616939583793283,
    0.009339198935776949,
    0.009352280292659998,
    0.00953707192093134,
    0.008481921860948205,
    0.008652601391077042,
    0.008559571928344667,
    0.008082721615210176,
    0.008109292015433311,
    0.008256338303908706,
    0.0075442311353981495,
    0.007466620532795787,
    0.007666982943192124,
    0.007499502506107092,
    0.0070788138546049595,
    0.006874892860651016,
    0.006690913578495383,
    0.007066640537232161,
    0.007150263758376241,
    0.006670931586995721,
    0.007001772755756974,
    0.006855833809822798,
    0.0073492254596203566,
    0.006872508674860001,
    0.006452482077293098,
    0.006649439688771963,
    0.006453904323279858,
    0.006175034213811159,
    0.006372624542564154,
    0.0062294392846524715,
    0.006244191899895668,
    0.00697699561715126,
    0.006204759934917092,
    0.006342700216919184,
    0.0062318723648786545,
    0.006446135463193059,
    0.006187079707160592,
    0.006019787397235632,
    0.006131111178547144,
    0.006053863326087594,
    0.006334810517728329,
    0.006263503571972251,
    0.006502370350062847,
    0.006406288826838136,
    0.005897138034924865,
    0.006234034430235624,
    0.006309803109616041,
    0.006393191404640675,
    0.005915533867664635,
    0.0060449461452662945,
    0.005971742561087012,
    0.005943812662735581,
    0.005827137501910329,
    0.0066259088926017284,
    0.006073009455576539,
    0.006034226156771183
  ],
  "val_losses": [],