{
  "epochs": [
    0,
    1,
    2,
    3,
    4,
    5,
    6,
    7,
    8,
    9,
    10,
    11,
    12,
    13,
    14,
    15,
    16,
    17,
    18,
    19,
    20,
    21,
    22,
    23,
    24,
    25,
    26,
    27,
    28,
    29,
    30,
    31,
    32,
    33,
    34,
    35,
    36,
    37,
    38,
    39,
    40,
    41,
    42,
    43,
    44,
    45,
    46,
    47,
    48,
    49,
    50,
    51,
    52,
    53,
    54,
    55,
    56,
    57,
    58,
    59,
    60,
    61,
    62,
    63,
    64,
    65,
    66,
    67,
    68,
    69,
    70,
    71,
    72,
    73,
    74,
    75,
    76,
    77,
    78,
    79,
    80,
    81,
    82,
    83,
    84,
    85,
    86,
    87,
    88,
    89,
    90,
    91,
    92,
    93,
    94,
    95,
    96,
    97,
    98,
    99,
    100,
    101,
    102,
    103,
    104,
    105,
    106,
    107,
    108,
    109,
    110,
    111,
    112,
    113,
    114,
    115,
    116,
    117,
    118,
    119,
    120,
    121,
    122,
    123,
    124,
    125,
    126,
    127,
    128,
    129,
    130,
    131,
    132,
    133,
    134,
    135,
    136,
    137,
    138,
    139,
    140,
    141,
    142,
    143,
    144,
    145,
    146,
    147,
    148,
    149,
    150,
    151,
    152,
    153,
    154,
    155,
    156,
    157,
    158,
    159,
    160,
    161,
    162,
    163,
    164,
    165,
    166,
    167,
    168,
    169,
    170,
    171,
    172,
    173,
    174,
    175,
    176,
    177,
    178,
    179,
    180,
    181,
    182,
    183,
    184,
    185,
    186,
    187,
    188,
    189,
    190,
    191,
    192,
    193,
    194,
    195,
    196,
    197,
    198,
    199
  ],
  "train_losses": [
    12.478430271148682,
    12.407122135162354,
    12.64268159866333,
    12.839589834213257,
    12.268568992614746,
    12.04768180847168,
    12.132622718811035,
    12.028810024261475,
    11.934776782989502,
    11.50120496749878,
    11.532544612884521,
    11.278396606445312,
    10.850885391235352,
    10.50364637374878,
    10.44839334487915,
    9.93854832649231,
    9.316503524780273,
    8.454997897148132,
    8.035592555999756,
    7.270630359649658,
    6.4454474449157715,
    5.671773552894592,
    4.604757010936737,
    3.7923696041107178,
    2.9734697937965393,
    2.344283878803253,
    1.937112033367157,
    1.8259247541427612,
    1.9767674207687378,
    2.2088120579719543,
    2.2031339406967163,
    2.0567941665649414,
    1.9124807119369507,
    1.6839524507522583,
    1.5877072215080261,
    1.6053898334503174,
    1.547570288181305,
    1.601178526878357,
    1.5830338597297668,
    1.6429779529571533,
    1.5521084070205688,
    1.5343304872512817,
    1.4571984708309174,
    1.4838211834430695,
    1.4465094208717346,
    1.4466764330863953,
    1.4016671776771545,
    1.3627054691314697,
    1.3400495648384094,
    1.328264057636261,
    1.2913762629032135,
    1.3021159768104553,
    1.2974916398525238,
    1.2163300812244415,
    1.2108741104602814,
    1.1850265562534332,
    1.2113667130470276,
    1.1460926830768585,
    1.163949966430664,
    1.1648905277252197,
    1.0947107076644897,
    1.0930184125900269,
    1.132099837064743,
    1.0619271993637085,
    1.0274341106414795,
    1.0196376740932465,
    1.0557789504528046,
    0.9816704988479614,
    0.9774036705493927,
    0.9341159760951996,
    0.9271311163902283,
    0.9211980700492859,
    0.8816271126270294,
    0.8779429197311401,
    0.8510919809341431,
    0.8632394671440125,
    0.8216573596000671,
    0.8160248398780823,
    0.796901136636734,
    0.75419482588768,
    0.736603856086731,
    0.7468141615390778,
    0.7108591496944427,
    0.69188392162323,
    0.6755646169185638,
    0.6773405820131302,
    0.678405374288559,
    0.6267596781253815,
    0.6039306223392487,
    0.6161995679140091,
    0.5690934062004089,
    0.5468756854534149,
    0.5318682491779327,
    0.5324475020170212,
    0.506437286734581,
    0.48042815923690796,
    0.47356393933296204,
    0.46305594593286514,
    0.4363116919994354,
    0.40857237577438354,
    0.4013233780860901,
    0.37725357711315155,
    0.34926480799913406,
    0.33557943999767303,
    0.34163757413625717,
    0.3062005117535591,
    0.31857578456401825,
    0.28487908840179443,
    0.2655593305826187,
    0.2591168135404587,
    0.241519033908844,
    0.22749946266412735,
    0.2259720340371132,
    0.20114559680223465,
    0.1912408471107483,
    0.17631058767437935,
    0.1783728338778019,
    0.16048294305801392,
    0.15965963155031204,
    0.1427762471139431,
    0.1408822312951088,
    0.13207800686359406,
    0.12513793632388115,
    0.11372396722435951,
    0.1286637932062149,
    0.11464207246899605,
    0.10325876250863075,
    0.09950286895036697,
    0.08832695707678795,
    0.09056415036320686,
    0.08449772000312805,
    0.07856190204620361,
    0.07327120192348957,
    0.0719074159860611,
    0.072440380230546,
    0.06800216808915138,
    0.06507914699614048,
    0.06063847430050373,
    0.06040034629404545,
    0.055253222584724426,
    0.0517306923866272,
    0.04945223871618509,
    0.047857945784926414,
    0.047923305071890354,
    0.04433105140924454,
    0.04418229125440121,
    0.042401122860610485,
    0.03936142195016146,
    0.03779450245201588,
    0.03669476881623268,
    0.03380864765495062,
    0.03438617382198572,
    0.032362909987568855,
    0.029865088872611523,
    0.028574182651937008,
    0.02715553157031536,
    0.02559786383062601,
    0.023179098963737488,
    0.021839726716279984,
    0.02569695422425866,
    0.021529462188482285,
    0.01937368791550398,
    0.021346420980989933,
    0.0203618248924613,
    0.01765677984803915,
    0.01704313512891531,
    0.018230746034532785,
    0.017918896861374378,
    0.0155524923466146,
    0.015211852733045816,
    0.015925191808491945,
    0.014955631690099835,
    0.014073364902287722,
    0.014020192436873913,
    0.013204051647335291,
    0.013231996912509203,
    0.013757206499576569,
    0.01312381261959672,
    0.01206818176433444,
    0.011742030270397663,
    0.01170895854011178,
    0.011622672900557518,
    0.011843346059322357,
    0.011442629620432854,
    0.010112185264006257,
    0.010098090628162026,
    0.009996599052101374,
    0.009751137811690569,
    0.010986835230141878,
    0.009549356531351805,
    0.008576650638133287,
    0.010857603512704372,
    0.009503821842372417,
    0.009342602454125881,
    0.009290470276027918,
    0.008862926624715328,
    0.008372712880373001,
    0.008979876060038805,
    0.008593989070504904,
    0.007960939547047019
  ],
  "val_losses": [],