{
  "epochs": [
    0,
    1,
    2,
    3,
    4,
    5,
    6,
    7,
    8,
    9,
    10,
    11,
    12,
    13,
    14,
    15,
    16,
    17,
    18,
    19,
    20,
    21,
    22,
    23,
    24,
    25,
    26,
    27,
    28,
    29,
    30,
    31,
    32,
    33,
    34,
    35,
    36,
    37,
    38,
    39,
    40,
    41,
    42,
    43,
    44,
    45,
    46,
    47,
    48,
    49,
    50,
    51,
    52,
    53,
    54,
    55,
    56,
    57,
    58,
    59,
    60,
    61,
    62,
    63,
    64,
    65,
    66,
    67,
    68,
    69,
    70,
    71,
    72,
    73,
    74,
    75,
    76,
    77,
    78,
    79,
    80,
    81,
    82,
    83,
    84,
    85,
    86,
    87,
    88,
    89,
    90,
    91,
    92,
    93,
    94,
    95,
    96,
    97,
    98,
    99,
    100,
    101,
    102,
    103,
    104,
    105,
    106,
    107,
    108,
    109,
    110,
    111,
    112,
    113,
    114,
    115,
    116,
    117,
    118,
    119,
    120,
    121,
    122,
    123,
    124,
    125,
    126,
    127,
    128,
    129,
    130,
    131,
    132,
    133,
    134,
    135,
    136,
    137,
    138,
    139,
    140,
    141,
    142,
    143,
    144,
    145,
    146,
    147,
    148,
    149,
    150,
    151,
    152,
    153,
    154,
    155,
    156,
    157,
    158,
    159,
    160,
    161,
    162,
    163,
    164,
    165,
    166,
    167,
    168,
    169,
    170,
    171,
    172,
    173,
    174,
    175,
    176,
    177,
    178,
    179,
    180,
    181,
    182,
    183,
    184,
    185,
    186,
    187,
    188,
    189,
    190,
    191,
    192,
    193,
    194,
    195,
    196,
    197,
    198,
    199
  ],
  "train_losses": [
    12.881551742553711,
    12.387557029724121,
    12.550662994384766,
    12.603395462036133,
    12.824829816818237,
    12.113813638687134,
    12.535241603851318,
    12.307373523712158,
    12.18596076965332,
    12.428329944610596,
    11.637906074523926,
    11.864028453826904,
    12.035122394561768,
    11.706650257110596,
    11.522974967956543,
    11.310367584228516,
    10.900870323181152,
    10.444567203521729,
    10.37476921081543,
    9.416392803192139,
    9.072828531265259,
    8.562041759490967,
    8.081873655319214,
    7.026559352874756,
    6.2392566204071045,
    5.579742670059204,
    4.729901552200317,
    3.8810627460479736,
    3.0872891545295715,
    2.4791921377182007,
    2.077015221118927,
    1.9766727685928345,
    1.9799593687057495,
    2.1454707384109497,
    2.2611935138702393,
    2.240942895412445,
    2.0869856476783752,
    1.938573956489563,
    1.7713567018508911,
    1.7399889826774597,
    1.6439881324768066,
    1.8316675126552582,
    1.689235806465149,
    1.6715763807296753,
    1.7008740305900574,
    1.6736173629760742,
    1.6098809242248535,
    1.6027360558509827,
    1.5399928092956543,
    1.519164502620697,
    1.4840659499168396,
    1.5199527740478516,
    1.4400492012500763,
    1.4495894312858582,
    1.443375051021576,
    1.3770033121109009,
    1.4131096005439758,
    1.3434842228889465,
    1.3199883997440338,
    1.3237586617469788,
    1.328643023967743,
    1.2728251814842224,
    1.2729433178901672,
    1.2411603331565857,
    1.2377215027809143,
    1.28166002035141,
    1.1900202929973602,
    1.1861565709114075,
    1.1504602134227753,
    1.1984249949455261,
    1.0886593982577324,
    1.1183702051639557,
    1.0791886150836945,
    1.093928873538971,
    1.0943376421928406,
    1.083322137594223,
    1.0633295774459839,
    1.0365600287914276,
    1.0503900945186615,
    1.0028316378593445,
    0.9610938429832458,
    0.9835260808467865,
    0.9258464276790619,
    0.9370697140693665,
    0.8973091840744019,
    0.898461639881134,
    0.8842599987983704,
    0.8706832826137543,
    0.8322455137968063,
    0.8257504999637604,
    0.8252328932285309,
    0.8332896530628204,
    0.7839775085449219,
    0.7903225421905518,
    0.7677037119865417,
    0.774751752614975,
    0.7399693429470062,
    0.7433767318725586,
    0.7453400045633316,
    0.6970797330141068,
    0.6847688555717468,
    0.6485954523086548,
    0.6944714263081551,
    0.654533714056015,
    0.6479635387659073,
    0.6088347882032394,
    0.6342679560184479,
    0.5946558713912964,
    0.5744642913341522,
    0.5750672072172165,
    0.5632793605327606,
    0.5376699566841125,
    0.5430221930146217,
    0.5174822360277176,
    0.5115394815802574,
    0.48913048207759857,
    0.487538143992424,
    0.46049897372722626,
    0.4432595521211624,
    0.42662209272384644,
    0.42671656608581543,
    0.41429440677165985,
    0.4067220166325569,
    0.37993834912776947,
    0.3819698467850685,
    0.3593560457229614,
    0.34769831597805023,
    0.34086575359106064,
    0.32047238945961,
    0.31772729754447937,
    0.2910999283194542,
    0.2955554276704788,
    0.2786479890346527,
    0.27298852801322937,
    0.25069672614336014,
    0.2608894594013691,
    0.24492481350898743,
    0.23373667895793915,
    0.21435421891510487,
    0.20636576786637306,
    0.20273016393184662,
    0.20995545014739037,
    0.20236048847436905,
    0.18322336673736572,
    0.17540473863482475,
    0.17716526985168457,
    0.16862156614661217,
    0.15659571811556816,
    0.15631508454680443,
    0.14492644369602203,
    0.1460544541478157,
    0.1343742497265339,
    0.13435260206460953,
    0.1283640619367361,
    0.11690891161561012,
    0.1159118302166462,
    0.11363016068935394,
    0.10162742622196674,
    0.10282295197248459,
    0.09754930809140205,
    0.09424041025340557,
    0.08980459347367287,
    0.08094813860952854,
    0.08321655541658401,
    0.07894140668213367,
    0.07125689089298248,
    0.06790939997881651,
    0.0650236401706934,
    0.06570760253816843,
    0.05975893512368202,
    0.055670891888439655,
    0.05565853975713253,
    0.05460396222770214,
    0.051352713257074356,
    0.04744846373796463,
    0.045420682057738304,
    0.04240735247731209,
    0.0407332107424736,
    0.03881494142115116,
    0.037431941367685795,
    0.03556405799463391,
    0.03180343471467495,
    0.030624905601143837,
    0.030187073163688183,
    0.027280361391603947,
    0.026734845712780952,
    0.025039535015821457,
    0.02271330449730158,
    0.023201067000627518,
    0.022119174245744944,
    0.02061176160350442,
    0.018318917136639357,
    0.019226515665650368,
    0.017342974431812763,
    0.016770021757110953,
    0.015235343016684055,
    0.016104010865092278,
    0.014609110075980425,
    0.014355654828250408,
    0.013392145279794931
  ],
  "val_losses": [],