{
  "epochs": [
    0,
    1,
    2,
    3,
    4,
    5,
    6,
    7,
    8,
    9,
    10,
    11,
    12,
    13,
    14,
    15,
    16,
    17,
    18,
    19,
    20,
    21,
    22,
    23,
    24,
    25,
    26,
    27,
    28,
    29,
    30,
    31,
    32,
    33,
    34,
    35,
    36,
    37,
    38,
    39,
    40,
    41,
    42,
    43,
    44,
    45,
    46,
    47,
    48,
    49,
    50,
    51,
    52,
    53,
    54,
    55,
    56,
    57,
    58,
    59,
    60,
    61,
    62,
    63,
    64,
    65,
    66,
    67,
    68,
    69,
    70,
    71,
    72,
    73,
    74,
    75,
    76,
    77,
    78,
    79,
    80,
    81,
    82,
    83,
    84,
    85,
    86,
    87,
    88,
    89,
    90,
    91,
    92,
    93,
    94,
    95,
    96,
    97,
    98,
    99,
    100,
    101,
    102,
    103,
    104,
    105,
    106,
    107,
    108,
    109,
    110,
    111,
    112,
    113,
    114,
    115,
    116,
    117,
    118,
    119,
    120,
    121,
    122,
    123,
    124,
    125,
    126,
    127,
    128,
    129,
    130,
    131,
    132,
    133,
    134,
    135,
    136,
    137,
    138,
    139,
    140,
    141,
    142,
    143,
    144,
    145,
    146,
    147,
    148,
    149,
    150,
    151,
    152,
    153,
    154,
    155,
    156,
    157,
    158,
    159,
    160,
    161,
    162,
    163,
    164,
    165,
    166,
    167,
    168,
    169,
    170,
    171,
    172,
    173,
    174,
    175,
    176,
    177,
    178,
    179,
    180,
    181,
    182,
    183,
    184,
    185,
    186,
    187,
    188,
    189,
    190,
    191,
    192,
    193,
    194,
    195,
    196,
    197,
    198,
    199
  ],
  "train_losses": [
    12.670605659484863,
    12.368192195892334,
    12.240325927734375,
    12.704509735107422,
    12.34349250793457,
    12.066871643066406,
    12.166077136993408,
    12.235174179077148,
    12.493662357330322,
    12.327760696411133,
    12.057891368865967,
    12.170944690704346,
    11.792244911193848,
    11.665427207946777,
    11.775824069976807,
    11.795572996139526,
    11.455987930297852,
    11.073503017425537,
    10.967702388763428,
    10.568962097167969,
    9.9682297706604,
    9.15451204776764,
    9.107390880584717,
    8.25008773803711,
    7.76874852180481,
    7.209599018096924,
    6.409417152404785,
    5.733828783035278,
    4.741627812385559,
    3.943673849105835,
    3.370467185974121,
    2.8864800930023193,
    2.5462875366210938,
    2.536141335964203,
    2.5804437398910522,
    2.570963740348816,
    2.5237478017807007,
    2.4172375202178955,
    2.2130706310272217,
    2.180852770805359,
    2.023274600505829,
    1.9417515397071838,
    2.001286268234253,
    1.9570052027702332,
    1.9074689149856567,
    1.9463998079299927,
    1.9172316789627075,
    1.825999915599823,
    1.7480932772159576,
    1.788082242012024,
    1.742191195487976,
    1.6764379739761353,
    1.6724644899368286,
    1.6256703734397888,
    1.570894479751587,
    1.5752602815628052,
    1.5314379334449768,
    1.4946871995925903,
    1.449698954820633,
    1.4146492183208466,
    1.3654691874980927,
    1.3584464192390442,
    1.36899071931839,
    1.3716550171375275,
    1.3061501383781433,
    1.287642240524292,
    1.2547920942306519,
    1.2334790229797363,
    1.2151163220405579,
    1.1522695124149323,
    1.1570581793785095,
    1.087584912776947,
    1.087572693824768,
    1.0645358264446259,
    1.0330593585968018,
    0.9897765517234802,
    1.005005568265915,
    0.9552625119686127,
    0.9117802083492279,
    0.9053290784358978,
    0.8959399163722992,
    0.851461797952652,
    0.8116278350353241,
    0.7792342603206635,
    0.7700238823890686,
    0.7549072504043579,
    0.7208590507507324,
    0.7048044204711914,
    0.6917303502559662,
    0.656811460852623,
    0.6315962672233582,
    0.6043435782194138,
    0.6110934317111969,
    0.561837375164032,
    0.5516891032457352,
    0.5330669581890106,
    0.5249725133180618,
    0.5139174163341522,
    0.46449141204357147,
    0.4635421633720398,
    0.4413999617099762,
    0.42408470809459686,
    0.39955687522888184,
    0.3737426623702049,
    0.3554579019546509,
    0.3428315371274948,
    0.3365013897418976,
    0.30902522802352905,
    0.30104096233844757,
    0.28395964205265045,
    0.26864174008369446,
    0.2609722539782524,
    0.24191595613956451,
    0.2190275639295578,
    0.19725213944911957,
    0.18129688501358032,
    0.17533858865499496,
    0.1581360436975956,
    0.1446140557527542,
    0.13164937123656273,
    0.12242505326867104,
    0.11141317524015903,
    0.11888543143868446,
    0.10554717481136322,
    0.09190559014678001,
    0.08607994392514229,
    0.0838638786226511,
    0.07788006216287613,
    0.06617140118032694,
    0.06559816002845764,
    0.05879569239914417,
    0.055415671318769455,
    0.05127051938325167,
    0.04876100644469261,
    0.04337246157228947,
    0.03887421451508999,
    0.0402566771954298,
    0.03741308534517884,
    0.03148686792701483,
    0.029032902792096138,
    0.028958083130419254,
    0.02670258842408657,
    0.02336367964744568,
    0.02265550196170807,
    0.021496909204870462,
    0.020819300319999456,
    0.01908557442948222,
    0.019729855470359325,
    0.018027737736701965,
    0.015908094123005867,
    0.01607397710904479,
    0.014856671914458275,
    0.014441740699112415,
    0.013429324608296156,
    0.013885606545954943,
    0.013579668011516333,
    0.01230029622092843,
    0.012409592512995005,
    0.011525099631398916,
    0.011875743977725506,
    0.011115407105535269,
    0.010226041078567505,
    0.010934115154668689,
    0.010409141890704632,
    0.009960257448256016,
    0.011258373968303204,
    0.010249768383800983,
    0.009421795140951872,
    0.009940296178683639,
    0.009099755436182022,
    0.009068505372852087,
    0.009179627522826195,
    0.008733465801924467,
    0.008510429412126541,
    0.008332305820658803,
    0.008820383111014962,
    0.008253275183960795,
    0.008076337398961186,
    0.00823324522934854,
    0.008122043684124947,
    0.00782673223875463,
    0.008748346008360386,
    0.007732863537967205,
    0.008257680339738727,
    0.00820707413367927,
    0.00821698340587318,
    0.007871231762692332,
    0.0074621990788728,
    0.007109798025339842,
    0.008298856439068913,
    0.00752260466106236,
    0.007109016412869096,
    0.007334486115723848,
    0.007944720098748803,
    0.00736266968306154,
    0.00741541082970798,
    0.006930528674274683,
    0.006995477015152574,
    0.006982207531109452,
    0.0069930581375956535
  ],
  "val_losses": [],